job_id,status,workflow_type,result,created_at,completed_at
,,,,,
,,,,,
,,,,,
u347mdwqdm20836jcsvxrhea79j0u1j4,processing,file_intake,,2026-05-06T21:51:36.902Z,
5e05yu1px8j9m1srecbptphap1zfhl7h,complete,file_intake,"{""chunk_count"":0,""status"":""indexed""}",2026-05-06T21:54:04.459Z,2026-05-06T22:28:44.984Z
xeg1vrh4gki6etvttfumu8a8z14ln8z4,processing,file_intake,,2026-05-06T21:59:18.205Z,
ub4yvmquidcs2nbrakk9zxe6hopgcik2,complete,docmentor_query,"{""response"":""I apologize, but since no relevant documents were found, I don't have any specific context to draw from. However, based on my general knowledge, I can attempt to provide an answer.\n\nIn the absence of a specific document, it's difficult to pinpoint the exact topic or theme. Can you please provide more information or clarify what type of document you are referring to (e.g., article, report, contract, etc.)? This might help me provide a more informed response.\n\nPlease note that my answer is based on general knowledge and not specifically derived from any matching documents."",""sources"":[],""chunk_count"":0}",2026-05-06T22:03:53.397Z,2026-05-06T22:08:49.977Z
lbpmhd102yz2kd1mqmuem3lpwsc0jlc8,processing,file_intake,,2026-05-06T22:28:32.556Z,
5e05yu1px8j9m1srecbptphap1zfhl7h,processing,file_intake,,2026-05-06T22:28:42.009Z,
7x99701tfkcnpehro1ngpm76vlckpm79,complete,docmentor_query,"{""chunk_count"":0,""status"":""indexed""}",2026-05-06T22:31:31.851Z,2026-05-06T22:48:28.997Z
6t96irood0g4mg4wx1ybj1rs3trjkue8,processing,file_intake,,2026-05-06T22:44:17.884Z,
7x99701tfkcnpehro1ngpm76vlckpm79,processing,file_intake,,2026-05-06T22:48:26.702Z,
zjmr3y9wz4kh3c3e2qfqbmccp4qf3tcg,processing,file_intake,,2026-05-06T22:51:57.758Z,
cwjqkvj11kaz00r9swazxni787e1im01,complete,file_intake,"{""chunk_count"":1,""status"":""indexed""}",2026-05-06T22:56:38.605Z,2026-05-15T06:13:25.405Z
n9w38sby1pj42elflg2pyszcoy1p0hme,processing,file_intake,,2026-05-06T23:05:02.596Z,
76246u16bsiz7n758gg4d7oqq6q8wruy,processing,file_intake,,2026-05-06T23:07:53.804Z,
2p81g2z8z9bhtsfkjdvyvhv9kmcpgmef,processing,file_intake,,2026-05-06T23:11:10.188Z,
mzhe8dl0sx36cy8cjtvb723f9ofdd9ng,processing,file_intake,,2026-05-06T23:11:44.064Z,
jxnakz4snj8zkwzjf7hrcn74clcr6w2f,processing,file_intake,,2026-05-06T23:13:35.250Z,
ewe38tnn7ijuirhqlu6ex963sj9gdaer,processing,file_intake,,2026-05-06T23:16:42.851Z,
2mwyz3ijf2hdw9pk4r8bpdu5olhkwfis,processing,file_intake,,2026-05-06T23:28:51.246Z,
bn36rukr5hc955ua458zk115d2vd7oqu,processing,file_intake,,2026-05-06T23:31:34.549Z,
idebu7m9adl9yjb2s8b9h9nmrrdgdj4x,complete,docmentor_query,"{""response"":""Based on the provided context [Source 1: test-ai-healthcare.txt], AI is used in healthcare in the following ways:\n\n* Machine learning algorithms can detect cancer in medical images with higher accuracy than human doctors.\n* Deep learning models are being used to predict patient outcomes and recommend treatments.\n* Natural language processing helps doctors analyze medical records faster.\n* AI is also accelerating drug discovery by simulating molecular interactions.\n\nAll of these points come from the provided context [Source 1: test-ai-healthcare.txt]."",""sources"":[""test-ai-healthcare.txt""],""chunk_count"":1}",2026-05-06T23:41:23.124Z,2026-05-06T23:41:31.743Z
nx63k67928miuuefu9h10ha63zvl64gc,complete,docmentor_query,"{""response"":""According to [Source 1: test-ai-healthcare.txt], your document states that Artificial Intelligence (AI) is transforming healthcare, and specifically mentions the following applications:\n\n* Machine learning algorithms can detect cancer in medical images with higher accuracy than human doctors.\n* Deep learning models are used to predict patient outcomes and recommend treatments.\n* Natural language processing helps doctors analyze medical records faster.\n* AI accelerates drug discovery by simulating molecular interactions.\n\nOverall, your document highlights the potential of AI to improve healthcare through various technological advancements."",""sources"":[""test-ai-healthcare.txt""],""chunk_count"":1}",2026-05-07T03:05:41.592Z,2026-05-07T03:05:45.834Z
nurjumf9ck84lnxlmf98h8l1lk3rc1gn,complete,docmentor_query,"{""response"":""A warm hello!\n\nSince you didn't ask a specific question, I'll just say that I'm happy to help! If you have any questions or topics you'd like to discuss related to the context from [Source 1: test-ai-healthcare.txt], feel free to ask, and I'll do my best to assist you."",""sources"":[""test-ai-healthcare.txt""],""chunk_count"":1}",2026-05-07T05:09:56.590Z,2026-05-07T05:10:06.935Z
g1ofrlgr85741wwov20k15makr3jrtk3,complete,docmentor_query,"{""response"":""A casual greeting! Unfortunately, I don't have any specific information related to your question from the provided context [Source 1: test-ai-healthcare.txt]. It seems you've simply said \""hi\"" without a specific inquiry. If you'd like to ask something about AI in healthcare or medical applications, I'm here to help!"",""sources"":[""test-ai-healthcare.txt""],""chunk_count"":1}",2026-05-07T05:13:21.194Z,2026-05-07T05:13:24.094Z
wbwvtdjs4n8zhrs9m4yct3015mshjk5y,complete,docmentor_query,"{""response"":""It seems like you're just saying hello!\n\nSince there's no relevant information in the provided context [Source 1: test-ai-healthcare.txt] regarding a specific topic or question, I'll just acknowledge your greeting. If you have any questions or topics you'd like to discuss related to AI in healthcare, feel free to ask!"",""sources"":[""test-ai-healthcare.txt""],""chunk_count"":1}",2026-05-07T05:20:51.733Z,2026-05-07T05:20:57.384Z
n46haghldj3733050tzbv6c0uv714pk7,complete,docmentor_query,"{""response"":""It seems like you're just saying \""hi\""! No specific question or concern, but I'm here to help if you have any questions about the context of AI in healthcare!\n\nContext: [Source 1: test-ai-healthcare.txt]"",""sources"":[""test-ai-healthcare.txt""],""chunk_count"":1}",2026-05-07T05:22:22.558Z,2026-05-07T05:22:24.744Z
38gndfcbgbncicbsmeqvb34e0cxk88b2,complete,docmentor_query,"{""response"":""It seems like you're just saying hello! However, I'd be happy to help with any questions or topics related to the provided context about artificial intelligence in healthcare.\n\n[Source 1: test-ai-healthcare.txt] doesn't contain information specific to your greeting. If you have a question or topic in mind, feel free to ask, and I'll do my best to assist you!"",""sources"":[""test-ai-healthcare.txt""],""chunk_count"":1}",2026-05-07T05:24:17.423Z,2026-05-07T05:24:20.234Z
qmmh73lkdy7w52nkm3su4d29oan751l3,complete,docmentor_query,"{""response"":""A brief greeting!\n\nSince you didn't ask a specific question, I'll just acknowledge the context.\n\nAccording to [Source 1: test-ai-healthcare.txt], Artificial Intelligence (AI) is indeed transforming healthcare in various ways, such as improving cancer detection, predicting patient outcomes, analyzing medical records, and accelerating drug discovery."",""sources"":[""test-ai-healthcare.txt""],""chunk_count"":1}",2026-05-07T05:24:45.778Z,2026-05-07T05:24:48.368Z
hhugu1t2lyry9ymzprcjkgpblh1zj0q6,complete,docmentor_query,"{""response"":""A casual greeting!\n\nSince there's no relevant information provided, I'll just acknowledge your hello:\n\n\""Hi! Nice to chat with you! Unfortunately, my training data (Source 1: test-ai-healthcare.txt) doesn't contain any specific answers for this greeting. If you'd like to ask a question or discuss AI in healthcare, I'm here to help!\"""",""sources"":[""test-ai-healthcare.txt""],""chunk_count"":1}",2026-05-07T05:29:21.619Z,2026-05-07T05:29:25.838Z
4cqqf7m7lqn4dtsoh46733vvk0kw9nvu,complete,docmentor_query,"{""response"":""I see you're just saying \""hi\""!\n\nUnfortunately, I don't find any relevant information about greetings or casual conversation in the provided context [Source 1: test-ai-healthcare.txt]. The text only discusses the applications of artificial intelligence in healthcare. So, let's focus on that instead!\n\nIf you have a specific question related to AI in healthcare, feel free to ask, and I'll do my best to help!"",""sources"":[""test-ai-healthcare.txt""],""chunk_count"":1}",2026-05-15T04:53:06.866Z,2026-05-15T04:53:14.917Z
lymv4meyqgy1scm919p3moivnh1ke3gi,complete,docmentor_query,"{""response"":""According to the provided context [Source 1: test-ai-healthcare.txt], your document mentions that machine learning algorithms can now detect cancer in medical images with higher accuracy than human doctors."",""sources"":[""test-ai-healthcare.txt""],""chunk_count"":1}",2026-05-15T04:57:15.863Z,2026-05-15T04:57:17.732Z
hn9c24ymbttu3y51vlgtuf4z7ytw0p55,complete,docmentor_query,"{""response"":""According to [Source 1: test-ai-healthcare.txt], the document states that Artificial Intelligence (AI) is transforming healthcare, and specifically mentions four ways it is doing so:\n\n* Machine learning algorithms can detect cancer in medical images with higher accuracy than human doctors.\n* Deep learning models are being used to predict patient outcomes and recommend treatments.\n* Natural language processing helps doctors analyze medical records faster.\n* AI is also accelerating drug discovery by simulating molecular interactions.\n\nOverall, the document highlights the potential of AI to improve healthcare through various applications."",""sources"":[""test-ai-healthcare.txt""],""chunk_count"":1}",2026-05-15T04:57:16.366Z,2026-05-15T04:57:19.463Z
3ld5qkcsw6nld0gcxprai1lmk3vouqi4,complete,docmentor_query,"{""response"":""According to [Source 1: test-ai-healthcare.txt], the document states that \""Machine learning algorithms can now detect cancer in medical images with higher accuracy than human doctors.\"" This information specifically mentions machine learning's application in detecting cancer."",""sources"":[""test-ai-healthcare.txt""],""chunk_count"":1}",2026-05-15T05:01:56.766Z,2026-05-15T05:01:58.567Z
rtfaonmiho15796sguvbjqzzyopx06dj,complete,docmentor_query,"{""response"":""I was unable to generate a response. Please try again."",""sources"":[""test-ai-healthcare.txt""],""chunk_count"":1}",2026-05-15T05:13:07.982Z,2026-05-15T05:13:09.606Z
3f2h8ywpsodtdkosx9i25sfbjy2fz0jy,complete,docmentor_query,"{""response"":""Hi! I'm DocMentor, your AI assistant for all things document-related. I can help you explore the uploaded documents and answer any questions you may have about them. What would you like to know?"",""sources"":[""test-ai-healthcare.txt""],""chunk_count"":1}",2026-05-15T05:16:29.311Z,2026-05-15T05:16:31.685Z
zhch29pqz4krreiqub9o07fpa92yqmon,complete,docmentor_query,"{""response"":""According to [Source 1: test-ai-healthcare.txt], some applications of Artificial Intelligence (AI) in healthcare include:\n\n* Detecting cancer in medical images with higher accuracy than human doctors\n* Predicting patient outcomes and recommending treatments using Deep learning models\n* Analyzing medical records faster using Natural language processing\n* Accelerating drug discovery by simulating molecular interactions\n\nThese are the specific examples provided in the document."",""sources"":[""test-ai-healthcare.txt""],""chunk_count"":1}",2026-05-15T05:17:00.902Z,2026-05-15T05:17:03.510Z
ft8mmbihx9qol7oti8atx4pcfd7ooq6y,complete,docmentor_query,"{""response"":""According to your document, [Source 1: test-ai-healthcare.txt], deep learning models are being used to predict patient outcomes and recommend treatments."",""sources"":[""test-ai-healthcare.txt""],""chunk_count"":1}",2026-05-15T05:19:00.850Z,2026-05-15T05:19:02.621Z
5npu0h87e1nd07rrc7y5qlooyh13w18b,complete,docmentor_query,"{""response"":""According to [Source 1: test-ai-healthcare.txt], AI is accelerating drug discovery by simulating molecular interactions."",""sources"":[""test-ai-healthcare.txt""],""chunk_count"":1}",2026-05-15T05:23:04.355Z,2026-05-15T05:23:05.558Z
69jsf2ss3u392w0v2sco8ss4n539473a,complete,docmentor_query,"{""response"":""According to [Source 1: test-ai-healthcare.txt], AI is accelerating drug discovery by simulating molecular interactions."",""sources"":[""test-ai-healthcare.txt""],""chunk_count"":1}",2026-05-15T05:23:46.357Z,2026-05-15T05:23:49.637Z
qorg6a6vq0mo1zfw6f1f46umh3r71uzq,complete,docmentor_query,"{""response"":""Hello! I'm DocMentor, here to help you explore the context of your uploaded documents. Since you've shared a document on the impact of Artificial Intelligence in healthcare, I'd be happy to answer any questions or provide insights based on that context. What would you like to know?"",""sources"":[""test-ai-healthcare.txt""],""chunk_count"":1}",2026-05-15T05:24:26.680Z,2026-05-15T05:24:38.511Z
lg61v6kgev2spsuko5accskoe17dvhnr,complete,docmentor_query,"{""response"":""Hi! I'm DocMentor, your AI assistant! I'd be happy to help you explore the uploaded documents. What questions do you have about \""Artificial intelligence in healthcare\""? Let me know, and I'll do my best to provide helpful insights!"",""sources"":[""test-ai-healthcare.txt""],""chunk_count"":1}",2026-05-15T05:26:26.494Z,2026-05-15T05:26:28.658Z
4u88r4630p5i6724d234d1ik5tegu6v3,complete,docmentor_query,"{""response"":""Hello! Yes, you've uploaded a document for me to work with. I see it's called \""test-ai-healthcare.txt\"" [Source: test-ai-healthcare.txt]. What questions do you have about this document or would you like me to help answer any related healthcare-related topics?"",""sources"":[""test-ai-healthcare.txt""],""chunk_count"":1}",2026-05-15T05:37:11.132Z,2026-05-15T05:37:13.947Z
qjvdoh5id3tycejsknmvo328ndn6emex,complete,docmentor_query,"{""response"":""Hello! I'm glad you're interested in exploring the world of AI in healthcare with me!\n\nI'd be happy to help answer any questions you may have about your uploaded documents. Since you haven't shared any specific document yet, feel free to upload one (or multiple) and we can get started!"",""sources"":[""test-ai-healthcare.txt""],""chunk_count"":1}",2026-05-15T06:12:28.675Z,2026-05-15T06:12:31.560Z
cwjqkvj11kaz00r9swazxni787e1im01,processing,file_intake,,2026-05-15T06:13:24.510Z,
zjdg7qgql4w7hk21lggtovpov8be7bgw,complete,docmentor_query,"{""response"":""Hey there! Nice to hear from you! Yes, I can see the new document you've uploaded - [Source 1: test-ai-healthcare.txt]. How can I help you with that?"",""sources"":[""test-ai-healthcare.txt""],""chunk_count"":1}",2026-05-15T06:13:42.678Z,2026-05-15T06:13:46.003Z
48x7ymfjowl4vinzevnjynzviayrfmyh,complete,docmentor_query,"{""chunk_count"":1,""status"":""indexed""}",2026-05-15T06:14:23.936Z,2026-05-15T06:15:49.480Z
48x7ymfjowl4vinzevnjynzviayrfmyh,processing,file_intake,,2026-05-15T06:15:48.566Z,
48ppysz4f14fzlvvh565f7dcyq01rpny,complete,docmentor_query,"{""response"":""Hi!\n\nI can help answer questions about the document \""test-ai-healthcare.txt\"". What would you like to know?"",""sources"":[""test-ai-healthcare.txt""],""chunk_count"":1}",2026-05-15T06:15:55.489Z,2026-05-15T06:15:58.041Z
ss43ei9habc9qeruyqfca1kkb7hts86h,complete,file_intake,"{""chunk_count"":1,""status"":""indexed""}",2026-05-15T06:22:55.217Z,2026-05-15T06:24:42.352Z
slw2qn20axog0yqg2dagnx27s7yx5pz2,complete,docmentor_query,"{""response"":""I'm happy to help!\n\nAccording to the provided context, [Source 1: rememory-test.txt] discusses rememory as a concept that suggests memories are not just personal records but shared experiences that can be passed between people. It also references Toni Morrison's novel Beloved and parallels it with modern psychology concepts like collective memory and intergenerational trauma research.\n\nLet me know if you have any further questions!"",""sources"":[""rememory-test.txt"",""test-ai-healthcare.txt""],""chunk_count"":2}",2026-05-15T06:23:52.481Z,2026-05-15T06:23:54.987Z
ss43ei9habc9qeruyqfca1kkb7hts86h,processing,file_intake,,2026-05-15T06:24:39.946Z,
0367fj0oz7nrearvckl04p7nq9rxtnoc,complete,docmentor_query,"{""chunk_count"":8,""status"":""indexed""}",2026-05-15T06:25:19.248Z,2026-05-15T07:41:43.557Z
pot3tzz7ny7ip0be5ha5v3v9ej7fup7e,processing,file_intake,,2026-05-15T06:30:49.435Z,
z1qs3pm7kblkvdfllzr68z3etyffi2s4,processing,file_intake,,2026-05-15T06:33:11.105Z,
6ye3bp7ddph4spuu0xdqfaft4bd1tycq,processing,file_intake,,2026-05-15T06:38:38.926Z,
l24l5g48zyo23688lkc9w0lkg8hvskw0,processing,file_intake,,2026-05-15T06:41:16.273Z,
3gwzxuv6kzm6q6hi0nol9r2jf3ss02bd,processing,file_intake,,2026-05-15T06:45:25.582Z,
z8zcl39i6cw46sddt9eahwyvjhyo99h3,processing,file_intake,,2026-05-15T06:47:16.016Z,
encc50qy2819gt77gin79kxr041bnkc7,processing,file_intake,,2026-05-15T06:48:59.240Z,
xagu3j510xi0abbgsvlmo9jpjlsgs3if,processing,file_intake,,2026-05-15T06:58:14.299Z,
gvl0s71mzn6x57781gnvbnlvkz4c04hh,processing,file_intake,,2026-05-15T07:02:02.287Z,
lswiqokd2faon7ixgqcjmhxw5pd5km7j,processing,file_intake,,2026-05-15T07:04:03.705Z,
b67enslqi7y8my1jxvh7e8o0249vny2b,processing,file_intake,,2026-05-15T07:06:18.303Z,
0guzf7z0n9q2ws8moc3phmtocfxt9vzr,processing,file_intake,,2026-05-15T07:08:33.679Z,
o4pcxe887ykfzsfa5ls1plu9k9dcw47z,processing,file_intake,,2026-05-15T07:09:57.148Z,
h22wlqkky3cw3khywbxhhyn27pb4vmp7,processing,file_intake,,2026-05-15T07:10:32.233Z,
0faxtbh6t8siqumlmwzdch0ra49hujq8,processing,file_intake,,2026-05-15T07:14:17.122Z,
c8wq75tz3o6bvl8ztnqsgu1eln10zot7,processing,file_intake,,2026-05-15T07:15:41.174Z,
u8e4iwvskhptk35fvv04ppplywibe36e,processing,file_intake,,2026-05-15T07:18:02.857Z,
8s3wmw7awdyaiaab4i92prhzpfp6cder,processing,file_intake,,2026-05-15T07:21:49.270Z,
s2g8nsqrnnclckkam4hlmxujyutr762f,processing,file_intake,,2026-05-15T07:23:57.927Z,
0fx76t59hhqlc6f4zt1ihb013t1wg2uw,processing,file_intake,,2026-05-15T07:26:35.356Z,
2p4qe9412y73ggi2s5pgjmpke4bieplr,processing,file_intake,,2026-05-15T07:27:16.876Z,
tkzkir9nhtzb1u82qxknvny3erv7lo5s,processing,file_intake,,2026-05-15T07:29:28.335Z,
4t422g7yp0crxj1nwdpd0hwvxu3cmovo,processing,file_intake,,2026-05-15T07:40:40.689Z,
2xq9zdgy0xemaf0i0f4o4exv41d1cpkh,processing,file_intake,,2026-05-15T07:41:19.406Z,
vr9wdfcatkqgrmog5wgvjcn2n4fg3czl,processing,file_intake,,2026-05-15T07:41:21.842Z,
2jyfgjlie1glx6a4p11xdnkdur0zgsv9,processing,file_intake,,2026-05-15T07:41:24.109Z,
rawbyouzset520w3fmmsj2eb7xpwzvzi,processing,file_intake,,2026-05-15T07:41:26.390Z,
uffbrgju8u6f4qnfazcwucd2zo333et9,processing,file_intake,,2026-05-15T07:41:28.663Z,
14cibog56wl4hweynlblrlc6eijb4awl,processing,file_intake,,2026-05-15T07:41:30.934Z,
wq3qfooub4hhufaxz05sf4i0x4c9qu3t,processing,file_intake,,2026-05-15T07:41:33.182Z,
0t54n2jpnq5ad5nhv9jdbtjfcb9hm4ya,processing,file_intake,,2026-05-15T07:41:35.449Z,
uus7ucdlg6qswqo0cb7o5kjgw128ypwb,processing,file_intake,,2026-05-15T07:41:37.719Z,
vue9jrqyyypv40b5z3azaapo21ykx4xm,processing,file_intake,,2026-05-15T07:41:40.011Z,
0367fj0oz7nrearvckl04p7nq9rxtnoc,processing,file_intake,,2026-05-15T07:41:42.286Z,
wrp395mxpikh1y8knwvzk5jj7xr4hh7a,complete,docmentor_query,"{""response"":""**Hello!**\n\nI'm DocMentor, your AI assistant. I can help you answer questions about the uploaded documents. Please feel free to ask me anything!\n\nBased on the provided context, [Source 1: quantum-computing-overview.txt] explains that Quantum Computing represents a fundamentally different approach to computation that harnesses quantum mechanical phenomena to process information.\n\nAccording to this source, qubits (quantum bits) can exist in superposition states, representing both 0 and 1 simultaneously. This property is made possible by three key quantum mechanical properties: superposition, entanglement, and interference.\n\nIn summary, quantum computing uses qubits that can exist in multiple states at once, thanks to the principles of superposition, entanglement, and interference."",""sources"":[""quantum-computing-overview.txt"",""quantum-test.txt""],""chunk_count"":5}",2026-05-15T07:42:25.485Z,2026-05-15T07:42:31.898Z
93li4efp3vnhh5ovjopgropf3ctbiiky,complete,docmentor_query,"{""response"":""Based on the provided context, here's what I found:\n\nCRISPR (Clustered Regularly Interspaced Short Palindromic Repeats) is a powerful tool for precise editing of DNA sequences in living organisms. It works by guiding a Cas9 nuclease to a specific DNA location using a complementary RNA sequence, where it creates a double-strand break that can be repaired to insert, delete, or replace genetic material [Source 2: biotechnology-genomics.txt]. This technology has been used for various clinical applications, including the treatment of sickle cell disease and beta-thalassemia [Source 1: biotechnology-genomics.txt].\n\nAdditionally, CRISPR gene editing is also being explored for cancer immunotherapy and correction of genetic mutations causing inherited diseases. There are even more precise variants of CRISPR, such as base editing and prime editing, which can make single-letter changes to DNA without creating double-strand breaks [Source 1: biotechnology-genomics.txt].\n\nI hope this information helps! Let me know if you have any further questions."",""sources"":[""biotechnology-genomics.txt""],""chunk_count"":5}",2026-05-15T07:42:30.394Z,2026-05-15T07:42:36.598Z
sygqjs6rwcco949vrtl8dxn08c335jqx,complete,docmentor_query,"{""response"":""Based on the provided context from [Source 1: quantum-computing-overview.txt], quantum computing represents a fundamentally different approach to computation that harnesses quantum mechanical phenomena to process information. It uses quantum bits (qubits) that can exist in superposition states, representing both 0 and 1 simultaneously.\n\n[Source: quantum-computing-overview.txt]"",""sources"":[""quantum-computing-overview.txt"",""quantum-test.txt""],""chunk_count"":5}",2026-05-15T07:53:45.467Z,2026-05-15T07:53:50.634Z
evqghk5qifypoa3ulehpwwgfom5yp1os,complete,docmentor_query,"{""response"":""Hello! I'm DocMentor, your AI assistant for document-related questions. You've uploaded several documents for me to work with, including [Source 1: test-quick.txt], [Source 2: artificial-intelligence-foundations.txt], [Source 3: data-engineering-mlops.txt], [Source 4: cloud-computing-architecture.txt], and [Source 5: biotechnology-genomics.txt]. I'd be happy to help you answer questions or find specific information within these documents. What's on your mind?"",""sources"":[""test-quick.txt"",""artificial-intelligence-foundations.txt"",""data-engineering-mlops.txt"",""cloud-computing-architecture.txt"",""biotechnology-genomics.txt""],""chunk_count"":5}",2026-05-20T20:19:48.575Z,2026-05-20T20:19:53.464Z
cbdfbu86xfab1frqb287ce7a9cpkyk20,complete,docmentor_query,"{""response"":""Hello there! It's great to chat with you!\n\nAs your AI assistant, I'd be happy to help answer any questions you have about the uploaded documents. Please go ahead and ask away, and I'll do my best to provide insightful answers based on the provided context."",""sources"":[""space-exploration-technology.txt"",""neuroscience-brain-computer.txt"",""cloud-computing-architecture.txt"",""rememory-test.txt""],""chunk_count"":5}",2026-05-21T06:22:53.949Z,2026-05-21T06:22:57.503Z
x48kkusgo1d7ibkowpihy7sqcr5n8fwl,complete,docmentor_query,"{""response"":""I've got just the thing!\n\nYou uploaded [Source 3: test-ai-healthcare.txt], which discusses the role of artificial intelligence in transforming healthcare. It mentions applications such as detecting cancer in medical images, predicting patient outcomes, and recommending treatments.\n\nIf you'd like to know more about AI in a specific context or area of interest, feel free to ask!"",""sources"":[""biotechnology-genomics.txt"",""test-quick.txt"",""test-ai-healthcare.txt"",""neuroscience-brain-computer.txt""],""chunk_count"":5}",2026-05-21T06:25:45.912Z,2026-05-21T06:25:48.921Z
3mlj72es9seii6q8ktahgxjd6rwmzza8,complete,docmentor_query,"{""response"":""I'd be happy to help you with that!\n\nAfter reviewing your uploaded documents, I've noticed that they cover a range of topics including:\n\n* Artificial intelligence and natural language processing (Source 1: test-quick.txt and Source 2: artificial-intelligence-foundations.txt)\n* Data engineering, MLOps, and computer vision (Source 3: data-engineering-mlops.txt)\n* Biotechnology and genomics (Source 4: biotechnology-genomics.txt)\n\nBased on these documents, I can summarize the main topics as follows:\n\n* The potential of artificial intelligence in natural language processing, including applications such as sentiment analysis and machine translation.\n* The importance of computer vision in enabling machines to interpret visual information from the world, with key applications including image classification and object detection.\n* The role of data engineering in designing, building, and maintaining infrastructure for collecting, storing, processing, and analyzing data at scale, including the concepts of data warehouses and lakes.\n* The potential of biotechnology in genomics, including engineered microorganisms that produce biofuels and pharmaceuticals.\n\nPlease note that this summary is based on my analysis of your uploaded documents, and I may have missed some details or nuances. If you'd like me to provide a more detailed summary or answer specific questions about any of these topics, feel free to ask!"",""sources"":[""test-quick.txt"",""artificial-intelligence-foundations.txt"",""data-engineering-mlops.txt"",""biotechnology-genomics.txt""],""chunk_count"":5}",2026-05-21T06:26:05.095Z,2026-05-21T06:26:11.826Z
k7rkfwg7j13y3vjqfyaghb35ron2wlpn,complete,docmentor_query,"{""response"":""Hello! I'm DocMentor, an AI assistant designed to help you with your document-related questions. I've got access to the uploaded documents, and I'd be happy to answer any questions you may have.\n\nFeel free to ask me anything, and I'll do my best to provide a helpful response. You can explore topics such as data engineering, MLOps, biotechnology, genomics, blockchain, or Web3 - whatever's on your mind!"",""sources"":[""data-engineering-mlops.txt"",""artificial-intelligence-foundations.txt"",""biotechnology-genomics.txt"",""blockchain-and-web3.txt""],""chunk_count"":5}",2026-05-21T06:29:49.607Z,2026-05-21T06:29:52.746Z
m9qedlx0l47z4h6yr9vnn1hizxbf9f57,complete,docmentor_query,"{""response"":""I'm happy to help!\n\nSince there is no context related to Web3 in the provided documents, I'll provide a general response.\n\nWeb3 refers to the third generation of the internet, characterized by decentralized applications and blockchain technology. It aims to empower users through secure, transparent, and permissionless interactions.\n\nUnfortunately, since none of the uploaded documents contain information about Web3, I can't cite any specific source for my answer. However, if you're interested in learning more about Web3, I'd be happy to provide general insights or direct you to relevant resources!"",""sources"":[""biotechnology-genomics.txt"",""cloud-computing-architecture.txt"",""neuroscience-brain-computer.txt"",""cybersecurity-landscape.txt""],""chunk_count"":5}",2026-05-21T06:33:15.945Z,2026-05-21T06:33:19.829Z
3l8106oosiw40er70bknwkvs77rineav,complete,docmentor_query,"{""response"":""Hi! I'm DocMentor, an AI assistant here to help you with your uploaded documents. You're welcome to share any questions or topics related to these files, and I'll do my best to provide answers based on the provided context. Just let me know what's on your mind!"",""sources"":[""biotechnology-genomics.txt"",""test-ai-healthcare.txt"",""neuroscience-brain-computer.txt""],""chunk_count"":5}",2026-05-21T06:37:24.674Z,2026-05-21T06:37:27.208Z
63blvclxhte03fsvs18rce9red5l7p14,complete,docmentor_query,"{""response"":""I'm happy to help!\n\nHowever, I must inform you that the provided context documents do not contain any information about Web3. The topics covered include biotechnology, neuroscience, brain-computer interfaces, and data engineering, but there is no mention of Web3.\n\nIf you'd like to provide additional context or ask a different question, I'll be happy to help!"",""sources"":[""biotechnology-genomics.txt"",""neuroscience-brain-computer.txt"",""test-ai-healthcare.txt"",""data-engineering-mlops.txt""],""chunk_count"":5}",2026-05-21T06:37:40.659Z,2026-05-21T06:37:43.330Z
nylb7mlirkv1e26592kmc2bn2hrspmx5,complete,docmentor_query,"{""response"":""Hello!\n\nAs DocMentor, I'm excited to help you explore the world of biotechnology! Based on the uploaded documents, I can provide insights on this fascinating field.\n\nBiotechnology is a rapidly evolving field that combines biology with engineering and technology to develop innovative products and processes. It has far-reaching applications in healthcare, agriculture, and beyond.\n\nIn the context of these documents, biotechnology is discussed as a means to create transgenic crops engineered for various traits, such as herbicide tolerance and enhanced nutritional profiles [Source 1]. Additionally, it's mentioned that synthetic biology applies engineering principles to biology, enabling the design and construction of new biological parts, devices, and systems, with applications in biofuels, pharmaceuticals, and industrial chemicals [Sources 1-3].\n\nFurthermore, biotechnology has also made significant strides in medicine, such as pharmacogenomics, personalized medicine, and mRNA technology. For instance, mRNA vaccine technology was accelerated during the COVID-19 pandemic, leading to the development of approved mRNA therapeutics like the Pfizer-BioNTech and Moderna vaccines [Source 3].\n\nLastly, biotechnology has also been discussed in the context of agriculture, with genetic editing, gene drives, and cellular agriculture aiming to improve crop yields, reduce environmental impact, and promote sustainable food systems.\n\nIf you have any specific questions or areas of interest within biotechnology, feel free to ask, and I'll do my best to provide more information!"",""sources"":[""biotechnology-genomics.txt"",""neuroscience-brain-computer.txt""],""chunk_count"":5}",2026-05-21T06:38:32.128Z,2026-05-21T06:38:39.169Z
xhch6khskoantdgmxn80r3pt360n2m9y,complete,docmentor_query,"{""response"":""Hello! I'm DocMentor, your AI assistant. I can help answer questions about the uploaded documents. Right now, I have access to five documents:\n\n1. [Source 1: biotechnology-genomics.txt]\n2. [Source 2: test-ai-healthcare.txt]\n3. [Source 3: neuroscience-brain-computer.txt] (twice)\n4. [Source 5: biotechnology-genomics.txt]\n\nPlease feel free to ask me any questions, and I'll do my best to provide accurate answers based on the provided context!"",""sources"":[""biotechnology-genomics.txt"",""test-ai-healthcare.txt"",""neuroscience-brain-computer.txt""],""chunk_count"":5}",2026-05-21T06:39:08.314Z,2026-05-21T06:39:12.330Z
416dyefczjlwuvrd14g0y15uwnhgpfxj,complete,docmentor_query,"{""response"":""AI is transforming healthcare in various ways! According to [Source 1: test-ai-healthcare.txt], machine learning algorithms can now detect cancer in medical images with higher accuracy than human doctors, while deep learning models are being used to predict patient outcomes and recommend treatments. Additionally, natural language processing helps doctors analyze medical records faster. AI is also accelerating drug discovery by simulating molecular interactions.\n\nI'd be happy to help answer more questions about AI-healthcare or other topics!"",""sources"":[""test-ai-healthcare.txt"",""artificial-intelligence-foundations.txt"",""robotics-and-automation.txt"",""neuroscience-brain-computer.txt"",""biotechnology-genomics.txt""],""chunk_count"":5}",2026-05-21T06:39:27.654Z,2026-05-21T06:39:31.433Z